{"stats":{"minecraft:used":{"minecraft:stone_sword":2,"minecraft:stone_shovel":106,"minecraft:stone_pickaxe":260,"minecraft:oak_planks":82,"minecraft:chest":2,"minecraft:wooden_pickaxe":59,"minecraft:jungle_boat":1,"minecraft:torch":21,"minecraft:dirt":97,"minecraft:crafting_table":5,"minecraft:jungle_planks":14,"minecraft:oak_log":18,"minecraft:bamboo_raft":1,"minecraft:wooden_axe":29,"minecraft:melon_slice":14,"minecraft:bamboo":3,"minecraft:stone_axe":133,"minecraft:cobblestone":7,"minecraft:furnace":1,"minecraft:jungle_door":4},"minecraft:crafted":{"minecraft:oak_planks":108,"minecraft:stone_shovel":1,"minecraft:crafting_table":2,"minecraft:jungle_boat":1,"minecraft:wooden_pickaxe":1,"minecraft:furnace":1,"minecraft:stone":3,"minecraft:stone_axe":1,"minecraft:cooked_mutton":1,"minecraft:jungle_planks":100,"minecraft:bamboo_block":3,"minecraft:jungle_door":6,"minecraft:bamboo_planks":6,"minecraft:shield":1,"minecraft:stick":36,"minecraft:iron_ingot":1,"minecraft:stone_pickaxe":2,"minecraft:wooden_axe":1,"minecraft:stone_sword":1,"minecraft:chest":2,"minecraft:oak_button":1,"minecraft:torch":80,"minecraft:bamboo_raft":1},"minecraft:custom":{"minecraft:interact_with_furnace":9,"minecraft:mob_kills":1,"minecraft:interact_with_crafting_table":16,"minecraft:leave_game":1,"minecraft:time_since_death":59281,"minecraft:climb_one_cm":5739,"minecraft:time_since_rest":59281,"minecraft:sprint_one_cm":58279,"minecraft:damage_taken":100,"minecraft:walk_one_cm":147066,"minecraft:drop":1,"minecraft:damage_dealt":80,"minecraft:swim_one_cm":583,"minecraft:fly_one_cm":60042,"minecraft:open_chest":7,"minecraft:crouch_one_cm":439,"minecraft:play_time":59281,"minecraft:sneak_time":238,"minecraft:walk_under_water_one_cm":1554,"minecraft:boat_one_cm":24987,"minecraft:jump":621,"minecraft:walk_on_water_one_cm":2807,"minecraft:total_world_time":59281,"minecraft:fall_one_cm":14332},"minecraft:mined":{"minecraft:jungle_leaves":10,"minecraft:crafting_table":3,"minecraft:torch":1,"minecraft:granite":2,"minecraft:grass_block":72,"minecraft:calcite":18,"minecraft:melon":13,"minecraft:jungle_log":29,"minecraft:copper_ore":5,"minecraft:cobblestone":3,"minecraft:sugar_cane":1,"minecraft:oak_planks":18,"minecraft:amethyst_block":6,"minecraft:birch_log":18,"minecraft:iron_ore":12,"minecraft:andesite":1,"minecraft:birch_leaves":4,"minecraft:grass":9,"minecraft:coal_ore":72,"minecraft:oak_log":46,"minecraft:dirt":32,"minecraft:smooth_basalt":12,"minecraft:bamboo":4,"minecraft:stone":188,"minecraft:oak_leaves":11,"minecraft:fern":1},"minecraft:dropped":{"minecraft:stone_pickaxe":1},"minecraft:killed":{"minecraft:sheep":1},"minecraft:broken":{"minecraft:stone_pickaxe":1,"minecraft:wooden_pickaxe":1},"minecraft:picked_up":{"minecraft:birch_log":18,"minecraft:crafting_table":3,"minecraft:jungle_boat":1,"minecraft:andesite":1,"minecraft:jungle_log":25,"minecraft:oak_log":46,"minecraft:amethyst_block":5,"minecraft:dirt":97,"minecraft:raw_copper":16,"minecraft:wheat_seeds":4,"minecraft:stone_pickaxe":1,"minecraft:calcite":15,"minecraft:jungle_sapling":2,"minecraft:bamboo":31,"minecraft:melon_slice":62,"minecraft:sugar_cane":3,"minecraft:birch_sapling":4,"minecraft:oak_planks":18,"minecraft:stick":4,"minecraft:raw_iron":12,"minecraft:smooth_basalt":11,"minecraft:torch":1,"minecraft:bamboo_raft":1,"minecraft:granite":2,"minecraft:oak_sapling":1,"minecraft:mutton":1,"minecraft:coal":72,"minecraft:white_wool":1,"minecraft:cobblestone":191}},"DataVersion":3465}