{"stats":{"minecraft:used":{"minecraft:cooked_mutton":7,"minecraft:water_bucket":5,"minecraft:flint_and_steel":4,"minecraft:stone_pickaxe":85,"minecraft:shield":17,"minecraft:wooden_pickaxe":9,"minecraft:iron_sword":22,"minecraft:sugar_cane":3,"minecraft:cooked_chicken":2,"minecraft:jungle_boat":3,"minecraft:iron_chestplate":1,"minecraft:crafting_table":6,"minecraft:blast_furnace":2,"minecraft:carrot":33,"minecraft:white_bed":1,"minecraft:wooden_axe":1,"minecraft:iron_axe":1,"minecraft:iron_pickaxe":187,"minecraft:iron_helmet":1,"minecraft:stone_axe":36,"minecraft:golden_sword":37,"minecraft:cobblestone":9,"minecraft:furnace":2,"minecraft:cooked_porkchop":1,"minecraft:bucket":6,"minecraft:egg":2,"minecraft:cobbled_deepslate":7,"minecraft:iron_leggings":1},"minecraft:crafted":{"minecraft:oak_planks":84,"minecraft:crafting_table":1,"minecraft:jungle_boat":1,"minecraft:iron_helmet":1,"minecraft:wooden_pickaxe":1,"minecraft:cooked_chicken":1,"minecraft:iron_sword":1,"minecraft:furnace":1,"minecraft:bucket":1,"minecraft:stone_axe":1,"minecraft:cooked_mutton":5,"minecraft:air":0,"minecraft:jungle_planks":20,"minecraft:iron_boots":1,"minecraft:iron_chestplate":1,"minecraft:shield":1,"minecraft:iron_axe":1,"minecraft:stick":16,"minecraft:iron_ingot":54,"minecraft:iron_pickaxe":1,"minecraft:stone_pickaxe":1,"minecraft:wooden_axe":1,"minecraft:iron_leggings":1,"minecraft:gold_ingot":2,"minecraft:white_bed":1},"minecraft:custom":{"minecraft:interact_with_furnace":32,"minecraft:mob_kills":20,"minecraft:interact_with_crafting_table":24,"minecraft:leave_game":1,"minecraft:time_since_death":45951,"minecraft:climb_one_cm":2346,"minecraft:time_since_rest":45951,"minecraft:sprint_one_cm":136871,"minecraft:open_enderchest":2,"minecraft:damage_taken":674,"minecraft:walk_one_cm":79640,"minecraft:damage_blocked_by_shield":530,"minecraft:drop":14,"minecraft:damage_dealt":3565,"minecraft:swim_one_cm":18942,"minecraft:talked_to_villager":3,"minecraft:fly_one_cm":202778,"minecraft:open_chest":3,"minecraft:crouch_one_cm":31254,"minecraft:play_time":45951,"minecraft:sneak_time":7853,"minecraft:walk_under_water_one_cm":3441,"minecraft:boat_one_cm":127722,"minecraft:jump":1086,"minecraft:interact_with_blast_furnace":35,"minecraft:walk_on_water_one_cm":5484,"minecraft:total_world_time":45951,"minecraft:fall_one_cm":24923},"minecraft:mined":{"minecraft:tuff":1,"minecraft:jungle_leaves":1,"minecraft:crafting_table":6,"minecraft:blast_furnace":3,"minecraft:jungle_log":5,"minecraft:cobblestone":7,"minecraft:deepslate_gold_ore":5,"minecraft:lapis_ore":15,"minecraft:sugar_cane":80,"minecraft:large_fern":2,"minecraft:seagrass":1,"minecraft:tall_seagrass":5,"minecraft:furnace":2,"minecraft:carrots":28,"minecraft:iron_ore":60,"minecraft:fire":4,"minecraft:andesite":14,"minecraft:grass":6,"minecraft:pointed_dripstone":2,"minecraft:coal_ore":68,"minecraft:oak_log":21,"minecraft:vine":1,"minecraft:dripstone_block":1,"minecraft:stone":81,"minecraft:gold_ore":2,"minecraft:deepslate":20,"minecraft:oak_leaves":6},"minecraft:dropped":{"minecraft:stone_axe":1,"minecraft:dripstone_block":7,"minecraft:pointed_dripstone":5,"minecraft:rotten_flesh":7,"minecraft:cobblestone":1,"minecraft:golden_shovel":1,"minecraft:gray_wool":1,"minecraft:wooden_axe":1,"minecraft:golden_leggings":1,"minecraft:golden_sword":1,"minecraft:stone_pickaxe":1,"minecraft:wooden_pickaxe":1,"minecraft:white_wool":1,"minecraft:bone":1},"minecraft:killed":{"minecraft:pig":1,"minecraft:spider":1,"minecraft:creeper":1,"minecraft:sheep":4,"minecraft:skeleton":3,"minecraft:zombie":5,"minecraft:chicken":2,"minecraft:enderman":2},"minecraft:picked_up":{"minecraft:crafting_table":6,"minecraft:jungle_boat":3,"minecraft:chicken":1,"minecraft:andesite":14,"minecraft:jungle_log":5,"minecraft:tuff":1,"minecraft:oak_log":21,"minecraft:gunpowder":1,"minecraft:string":2,"minecraft:lapis_lazuli":98,"minecraft:cooked_mutton":2,"minecraft:bone":2,"minecraft:cobbled_deepslate":20,"minecraft:raw_gold":7,"minecraft:cooked_chicken":1,"minecraft:sugar_cane":71,"minecraft:oak_planks":1,"minecraft:egg":2,"minecraft:furnace":2,"minecraft:raw_iron":60,"minecraft:cooked_porkchop":2,"minecraft:dripstone_block":7,"minecraft:pointed_dripstone":5,"minecraft:blast_furnace":3,"minecraft:carrot":93,"minecraft:arrow":4,"minecraft:rotten_flesh":5,"minecraft:gray_wool":1,"minecraft:mutton":5,"minecraft:coal":195,"minecraft:white_wool":4,"minecraft:cobblestone":88,"minecraft:ender_pearl":1}},"DataVersion":3465}