{"stats":{"minecraft:used":{"minecraft:diorite":3,"minecraft:iron_shovel":6,"minecraft:stone_pickaxe":297,"minecraft:chest":2,"minecraft:shield":3,"minecraft:wooden_pickaxe":49,"minecraft:iron_sword":70,"minecraft:iron_chestplate":1,"minecraft:torch":16,"minecraft:dirt":16,"minecraft:crafting_table":8,"minecraft:blast_furnace":1,"minecraft:white_bed":1,"minecraft:melon_slice":78,"minecraft:iron_pickaxe":79,"minecraft:iron_helmet":1,"minecraft:stone_axe":82,"minecraft:cobblestone":13,"minecraft:furnace":6,"minecraft:cooked_porkchop":1,"minecraft:cobbled_deepslate":63},"minecraft:crafted":{"minecraft:oak_planks":16,"minecraft:cooked_porkchop":11,"minecraft:crafting_table":1,"minecraft:wooden_pickaxe":1,"minecraft:furnace":1,"minecraft:stone_axe":1,"minecraft:jungle_slab":12,"minecraft:air":0,"minecraft:jungle_planks":32,"minecraft:charcoal":6,"minecraft:shield":1,"minecraft:stick":24,"minecraft:iron_ingot":7,"minecraft:stone_pickaxe":3,"minecraft:chest":2,"minecraft:iron_shovel":1,"minecraft:torch":24},"minecraft:custom":{"minecraft:interact_with_furnace":30,"minecraft:mob_kills":56,"minecraft:interact_with_crafting_table":16,"minecraft:leave_game":3,"minecraft:time_since_death":101889,"minecraft:sleep_in_bed":1,"minecraft:climb_one_cm":5036,"minecraft:time_since_rest":6715,"minecraft:sprint_one_cm":427046,"minecraft:damage_taken":528,"minecraft:walk_one_cm":288938,"minecraft:damage_blocked_by_shield":85,"minecraft:drop":11,"minecraft:damage_dealt":6289,"minecraft:swim_one_cm":37970,"minecraft:talked_to_villager":10,"minecraft:fly_one_cm":402764,"minecraft:open_chest":17,"minecraft:crouch_one_cm":24711,"minecraft:play_time":101889,"minecraft:sneak_time":6797,"minecraft:walk_under_water_one_cm":6931,"minecraft:jump":2630,"minecraft:interact_with_blast_furnace":4,"minecraft:walk_on_water_one_cm":8895,"minecraft:total_world_time":101889,"minecraft:fall_one_cm":49168},"minecraft:mined":{"minecraft:tuff":20,"minecraft:white_bed":1,"minecraft:jungle_leaves":1,"minecraft:clay":5,"minecraft:crafting_table":7,"minecraft:torch":5,"minecraft:granite":5,"minecraft:blast_furnace":1,"minecraft:grass_block":7,"minecraft:melon":16,"minecraft:jungle_log":14,"minecraft:spruce_leaves":15,"minecraft:sugar_cane":2,"minecraft:diorite":3,"minecraft:wall_torch":10,"minecraft:large_fern":2,"minecraft:furnace":5,"minecraft:iron_ore":7,"minecraft:cobbled_deepslate":1,"minecraft:grass":12,"minecraft:oak_log":4,"minecraft:coal_ore":31,"minecraft:vine":3,"minecraft:gravel":19,"minecraft:dirt":32,"minecraft:stone":231,"minecraft:oak_leaves":2,"minecraft:deepslate":78,"minecraft:fern":4},"minecraft:dropped":{"minecraft:bread":10,"minecraft:wheat_seeds":2,"minecraft:rotten_flesh":1,"minecraft:melon_slice":2,"minecraft:oak_sapling":2,"minecraft:spider_eye":1,"minecraft:stone_pickaxe":1,"minecraft:string":1},"minecraft:killed":{"minecraft:pig":18,"minecraft:spider":2,"minecraft:sheep":11,"minecraft:skeleton":3,"minecraft:zombie":5,"minecraft:cow":15},"minecraft:broken":{"minecraft:stone_pickaxe":2},"minecraft:picked_up":{"minecraft:crafting_table":7,"minecraft:clay_ball":20,"minecraft:jungle_log":14,"minecraft:leather":17,"minecraft:flint":4,"minecraft:tuff":20,"minecraft:oak_log":4,"minecraft:dirt":39,"minecraft:string":1,"minecraft:bone":1,"minecraft:bow":1,"minecraft:wheat_seeds":2,"minecraft:cobbled_deepslate":79,"minecraft:beef":30,"minecraft:stone_pickaxe":1,"minecraft:sugar_cane":5,"minecraft:melon_slice":80,"minecraft:furnace":5,"minecraft:stick":4,"minecraft:raw_iron":7,"minecraft:torch":15,"minecraft:gravel":27,"minecraft:porkchop":37,"minecraft:blast_furnace":1,"minecraft:diorite":3,"minecraft:white_bed":1,"minecraft:spider_eye":1,"minecraft:arrow":4,"minecraft:rotten_flesh":1,"minecraft:granite":5,"minecraft:gray_wool":1,"minecraft:oak_sapling":2,"minecraft:mutton":20,"minecraft:coal":33,"minecraft:white_wool":8,"minecraft:cobblestone":231}},"DataVersion":3465}