{"stats":{"minecraft:crafted":{"minecraft:stone_shovel":1,"minecraft:cooked_porkchop":2,"minecraft:crafting_table":1,"minecraft:wooden_pickaxe":1,"minecraft:furnace":1,"minecraft:bucket":1,"minecraft:stone_axe":1,"minecraft:air":0,"minecraft:jungle_planks":24,"minecraft:iron_boots":1,"minecraft:iron_chestplate":1,"minecraft:leather":1,"minecraft:charcoal":2,"minecraft:stick":16,"born_in_chaos_v1:fried_maggot":2,"minecraft:iron_pickaxe":2,"minecraft:iron_ingot":24,"minecraft:stone_pickaxe":1,"minecraft:stone_sword":1,"minecraft:torch":8},"minecraft:used":{"minecraft:water_bucket":2,"minecraft:stone_sword":88,"minecraft:stone_pickaxe":91,"minecraft:stone_shovel":16,"minecraft:wooden_pickaxe":9,"minecraft:rotten_flesh":1,"minecraft:torch":39,"minecraft:dirt":14,"minecraft:crafting_table":3,"born_in_chaos_v1:corpse_maggot":2,"minecraft:iron_pickaxe":42,"minecraft:stone_axe":17,"minecraft:cobblestone":14,"minecraft:furnace":2,"minecraft:bucket":3,"minecraft:andesite":1,"alexsmobs:animal_dictionary":5},"minecraft:killed":{"minecraft:parrot":1,"minecraft:cave_spider":2,"minecraft:pig":1,"enemyexpansion:intruder":1,"minecraft:skeleton":1,"friendsandfoes:glare":1,"minecraft:zombie":2,"born_in_chaos_v1:corpse_fly":5,"creeperoverhaul:cave_creeper":2},"minecraft:dropped":{"minecraft:wheat_seeds":1,"alexsmobs:animal_dictionary":1,"minecraft:cobblestone":21,"minecraft:chest_minecart":1,"minecraft:rail":7,"minecraft:gunpowder":2,"minecraft:spider_eye":1,"minecraft:arrow":1,"minecraft:bow":1,"minecraft:wooden_pickaxe":1,"minecraft:stone_pickaxe":2},"minecraft:custom":{"minecraft:interact_with_furnace":17,"minecraft:mob_kills":17,"minecraft:interact_with_crafting_table":7,"minecraft:leave_game":2,"minecraft:time_since_death":2106,"minecraft:climb_one_cm":4405,"minecraft:time_since_rest":1,"minecraft:sprint_one_cm":58306,"minecraft:damage_taken":281,"minecraft:walk_one_cm":81176,"minecraft:drop":13,"minecraft:damage_dealt":2919,"minecraft:fly_one_cm":24667,"minecraft:play_time":39429,"minecraft:crouch_one_cm":6988,"minecraft:sneak_time":2275,"tombstone:undead_killed":3,"minecraft:deaths":1,"minecraft:walk_under_water_one_cm":2252,"minecraft:jump":266,"minecraft:walk_on_water_one_cm":6357,"minecraft:total_world_time":39429,"minecraft:fall_one_cm":2195},"minecraft:picked_up":{"born_in_chaos_v1:corpse_maggot":4,"minecraft:cocoa_beans":6,"minecraft:crafting_table":3,"minecraft:feather":1,"minecraft:clay_ball":4,"minecraft:chest_minecart":1,"minecraft:andesite":1,"minecraft:jungle_log":12,"minecraft:oak_log":2,"minecraft:gunpowder":2,"minecraft:lapis_lazuli":5,"minecraft:dirt":16,"minecraft:string":23,"minecraft:moss_carpet":1,"minecraft:bone":2,"minecraft:bow":1,"minecraft:wheat_seeds":5,"minecraft:stone_pickaxe":1,"minecraft:bamboo":11,"minecraft:moss_block":1,"minecraft:oak_planks":1,"minecraft:furnace":2,"minecraft:raw_iron":45,"minecraft:smooth_basalt":3,"minecraft:stone":1,"minecraft:torch":1,"minecraft:porkchop":2,"minecraft:jungle_planks":7,"minecraft:diorite":1,"minecraft:spider_eye":1,"alexsmobs:animal_dictionary":1,"minecraft:arrow":1,"minecraft:rotten_flesh":2,"minecraft:glow_berries":1,"alexsmobs:flying_fish":1,"minecraft:coal":21,"minecraft:rail":1,"minecraft:cobblestone":73},"minecraft:mined":{"minecraft:jungle_leaves":1,"minecraft:clay":1,"minecraft:crafting_table":3,"minecraft:torch":1,"minecraft:calcite":5,"minecraft:jungle_log":13,"minecraft:cobblestone":3,"minecraft:lapis_ore":1,"minecraft:moss_block":1,"minecraft:diorite":1,"minecraft:amethyst_block":7,"minecraft:spawner":1,"minecraft:furnace":2,"minecraft:iron_ore":45,"minecraft:andesite":1,"minecraft:big_dripleaf_stem":1,"minecraft:grass":38,"minecraft:oak_log":2,"minecraft:coal_ore":22,"minecraft:cocoa":2,"minecraft:vine":2,"minecraft:dirt":17,"minecraft:cobweb":23,"minecraft:smooth_basalt":3,"minecraft:bamboo":1,"minecraft:stone":45,"minecraft:fern":3}},"DataVersion":3465}