{"stats":{"minecraft:crafted":{"minecraft:stone_sword":1,"minecraft:stone_shovel":1,"minecraft:stone_axe":1,"minecraft:crafting_table":1,"minecraft:stick":12,"minecraft:stone_pickaxe":1,"minecraft:wooden_pickaxe":1,"minecraft:jungle_planks":24},"minecraft:used":{"minecraft:stone_axe":11,"minecraft:crafting_table":1,"alexsmobs:animal_dictionary":5,"minecraft:wooden_pickaxe":9},"minecraft:dropped":{"alexsmobs:animal_dictionary":1},"minecraft:picked_up":{"minecraft:cocoa_beans":3,"minecraft:crafting_table":1,"minecraft:jungle_log":12,"minecraft:wheat_seeds":5,"minecraft:bamboo":11,"alexsmobs:flying_fish":1,"alexsmobs:animal_dictionary":1,"minecraft:cobblestone":9},"minecraft:custom":{"minecraft:time_since_rest":7061,"minecraft:crouch_one_cm":167,"minecraft:play_time":7061,"minecraft:sprint_one_cm":5398,"minecraft:walk_one_cm":19798,"minecraft:sneak_time":106,"minecraft:drop":1,"minecraft:jump":62,"minecraft:damage_dealt":90,"minecraft:time_since_death":7061,"minecraft:total_world_time":7061,"minecraft:climb_one_cm":1326,"minecraft:interact_with_crafting_table":2,"minecraft:fall_one_cm":898,"minecraft:fly_one_cm":5638},"minecraft:mined":{"minecraft:grass":37,"minecraft:cocoa":1,"minecraft:vine":2,"minecraft:jungle_log":13,"minecraft:bamboo":1,"minecraft:jungle_leaves":1,"minecraft:stone":9,"minecraft:fern":3,"minecraft:crafting_table":1}},"DataVersion":3465}