{"stats":{"minecraft:crafted":{"minecraft:stone_shovel":1,"minecraft:charcoal":2,"minecraft:cooked_porkchop":2,"minecraft:crafting_table":1,"minecraft:stick":12,"minecraft:wooden_pickaxe":1,"minecraft:stone_pickaxe":1,"minecraft:furnace":1,"minecraft:stone_sword":1,"minecraft:torch":4,"minecraft:stone_axe":1,"minecraft:air":0,"minecraft:jungle_planks":24},"minecraft:used":{"minecraft:stone_sword":15,"minecraft:stone_shovel":15,"minecraft:stone_pickaxe":39,"minecraft:wooden_pickaxe":9,"minecraft:rotten_flesh":1,"minecraft:stone_axe":15,"minecraft:torch":4,"minecraft:dirt":14,"minecraft:crafting_table":2,"minecraft:furnace":1,"alexsmobs:animal_dictionary":5},"minecraft:killed":{"minecraft:skeleton":1,"minecraft:parrot":1,"minecraft:pig":1,"enemyexpansion:intruder":1},"minecraft:dropped":{"alexsmobs:animal_dictionary":1,"minecraft:cobblestone":21},"minecraft:picked_up":{"minecraft:cocoa_beans":6,"minecraft:raw_iron":6,"minecraft:crafting_table":1,"minecraft:feather":1,"minecraft:jungle_log":12,"minecraft:porkchop":2,"minecraft:oak_log":2,"minecraft:dirt":14,"alexsmobs:animal_dictionary":1,"minecraft:bone":2,"minecraft:arrow":1,"minecraft:rotten_flesh":2,"minecraft:bow":1,"minecraft:wheat_seeds":5,"minecraft:bamboo":11,"minecraft:coal":1,"alexsmobs:flying_fish":1,"minecraft:cobblestone":60},"minecraft:custom":{"minecraft:time_since_rest":19061,"minecraft:interact_with_furnace":6,"minecraft:sprint_one_cm":8923,"minecraft:damage_taken":55,"minecraft:walk_one_cm":32638,"minecraft:mob_kills":5,"minecraft:drop":2,"minecraft:damage_dealt":907,"minecraft:interact_with_crafting_table":3,"minecraft:fly_one_cm":8755,"minecraft:crouch_one_cm":6823,"minecraft:play_time":19061,"tombstone:undead_killed":1,"minecraft:sneak_time":2147,"minecraft:walk_under_water_one_cm":2252,"minecraft:jump":103,"minecraft:walk_on_water_one_cm":3276,"minecraft:time_since_death":19061,"minecraft:climb_one_cm":2032,"minecraft:total_world_time":19061,"minecraft:fall_one_cm":1107},"minecraft:mined":{"minecraft:iron_ore":6,"minecraft:jungle_leaves":1,"minecraft:crafting_table":1,"minecraft:oak_log":2,"minecraft:grass":37,"minecraft:coal_ore":1,"minecraft:cocoa":2,"minecraft:vine":2,"minecraft:jungle_log":13,"minecraft:dirt":15,"minecraft:bamboo":1,"minecraft:stone":39,"minecraft:fern":3}},"DataVersion":3465}