{"stats":{"minecraft:crafted":{"minecraft:stone_shovel":1,"minecraft:cooked_porkchop":2,"minecraft:crafting_table":1,"minecraft:wooden_pickaxe":1,"minecraft:furnace":1,"minecraft:bucket":1,"minecraft:stone_axe":1,"minecraft:air":0,"minecraft:jungle_planks":24,"minecraft:iron_boots":1,"minecraft:iron_chestplate":1,"minecraft:charcoal":2,"minecraft:stick":16,"born_in_chaos_v1:fried_maggot":2,"minecraft:iron_ingot":22,"minecraft:iron_pickaxe":1,"minecraft:stone_pickaxe":1,"minecraft:stone_sword":1,"minecraft:torch":8},"minecraft:used":{"minecraft:water_bucket":2,"minecraft:stone_sword":60,"minecraft:stone_pickaxe":91,"minecraft:stone_shovel":16,"minecraft:wooden_pickaxe":9,"minecraft:rotten_flesh":1,"minecraft:torch":29,"minecraft:dirt":14,"minecraft:crafting_table":3,"born_in_chaos_v1:corpse_maggot":2,"minecraft:stone_axe":16,"minecraft:cobblestone":14,"minecraft:furnace":2,"minecraft:bucket":3,"alexsmobs:animal_dictionary":5},"minecraft:killed":{"minecraft:parrot":1,"minecraft:pig":1,"enemyexpansion:intruder":1,"minecraft:skeleton":1,"friendsandfoes:glare":1,"minecraft:zombie":2,"born_in_chaos_v1:corpse_fly":5,"creeperoverhaul:cave_creeper":2},"minecraft:dropped":{"minecraft:wheat_seeds":1,"alexsmobs:animal_dictionary":1,"minecraft:cobblestone":21,"minecraft:chest_minecart":1,"minecraft:rail":7,"minecraft:arrow":1,"minecraft:bow":1},"minecraft:custom":{"minecraft:interact_with_furnace":16,"minecraft:mob_kills":15,"minecraft:interact_with_crafting_table":6,"minecraft:time_since_death":31061,"minecraft:climb_one_cm":2365,"minecraft:time_since_rest":31061,"minecraft:sprint_one_cm":30134,"minecraft:damage_taken":135,"minecraft:walk_one_cm":65239,"minecraft:drop":7,"minecraft:damage_dealt":2565,"minecraft:fly_one_cm":13583,"minecraft:crouch_one_cm":6988,"minecraft:play_time":31061,"tombstone:undead_killed":3,"minecraft:sneak_time":2275,"minecraft:walk_under_water_one_cm":2252,"minecraft:jump":178,"minecraft:walk_on_water_one_cm":6146,"minecraft:total_world_time":31061,"minecraft:fall_one_cm":1376},"minecraft:picked_up":{"minecraft:cocoa_beans":6,"born_in_chaos_v1:corpse_maggot":4,"minecraft:crafting_table":2,"minecraft:feather":1,"minecraft:clay_ball":4,"minecraft:chest_minecart":1,"minecraft:jungle_log":12,"minecraft:oak_log":2,"minecraft:gunpowder":2,"minecraft:lapis_lazuli":5,"minecraft:string":5,"minecraft:dirt":16,"minecraft:moss_carpet":1,"minecraft:bone":2,"minecraft:bow":1,"minecraft:wheat_seeds":5,"minecraft:bamboo":11,"minecraft:moss_block":1,"minecraft:oak_planks":1,"minecraft:furnace":1,"minecraft:raw_iron":24,"minecraft:stone":1,"minecraft:porkchop":2,"minecraft:jungle_planks":7,"alexsmobs:animal_dictionary":1,"minecraft:arrow":1,"minecraft:rotten_flesh":2,"minecraft:glow_berries":1,"minecraft:coal":21,"alexsmobs:flying_fish":1,"minecraft:cobblestone":71},"minecraft:mined":{"minecraft:jungle_leaves":1,"minecraft:clay":1,"minecraft:crafting_table":2,"minecraft:jungle_log":13,"minecraft:cobblestone":3,"minecraft:lapis_ore":1,"minecraft:moss_block":1,"minecraft:furnace":1,"minecraft:iron_ore":24,"minecraft:big_dripleaf_stem":1,"minecraft:grass":38,"minecraft:coal_ore":22,"minecraft:oak_log":2,"minecraft:vine":2,"minecraft:cocoa":2,"minecraft:dirt":17,"minecraft:cobweb":7,"minecraft:bamboo":1,"minecraft:stone":43,"minecraft:fern":3}},"DataVersion":3465}