{"stats":{"minecraft:broken":{"minecraft:stone_axe":1,"minecraft:wooden_pickaxe":1},"minecraft:crafted":{"minecraft:crafting_table":1,"minecraft:wooden_pickaxe":1,"minecraft:dried_kelp":80,"minecraft:cooked_chicken":5,"minecraft:furnace":1,"minecraft:cooked_salmon":4,"minecraft:stone_axe":2,"minecraft:cooked_mutton":6,"minecraft:air":0,"minecraft:jungle_planks":48,"minecraft:iron_axe":1,"minecraft:stick":12,"minecraft:iron_ingot":3,"minecraft:stone_pickaxe":1,"minecraft:dried_kelp_block":5,"minecraft:torch":12},"minecraft:killed_by":{"enemyexpansion:sprinter":1,"born_in_chaos_v1:maggot":1},"minecraft:killed":{"minecraft:pig":3,"born_in_chaos_v1:skeleton_demoman":1,"minecraft:salmon":4,"undead_revamp2:the_moonflower":1,"luminousworld:sunken_skeleton":1,"born_in_chaos_v1:maggot":2,"minecraft:sheep":6,"minecraft:zombie":2,"alexsmobs:terrapin":1,"minecraft:chicken":8,"naturalist:bass":1,"minecraft:tropical_fish":1,"alexsmobs:flying_fish":2,"minecraft:cow":3},"minecraft:used":{"naturalist:bass":1,"minecraft:cooked_mutton":3,"minecraft:flint_and_steel":7,"minecraft:tropical_fish":1,"minecraft:stone_pickaxe":135,"minecraft:dried_kelp":30,"minecraft:poppy":1,"minecraft:chest":1,"minecraft:wooden_pickaxe":95,"minecraft:cooked_salmon":4,"minecraft:torch":14,"minecraft:dirt":1,"minecraft:cocoa_beans":2,"minecraft:crafting_table":2,"minecraft:white_bed":2,"minecraft:oak_log":3,"minecraft:iron_axe":3,"minecraft:lilac":2,"minecraft:bamboo":2,"minecraft:stone_axe":154,"minecraft:furnace":4,"ecologics:walnut":1,"tombstone:gift":1,"minecraft:egg":1,"alexsmobs:animal_dictionary":2},"minecraft:mined":{"minecraft:white_bed":3,"minecraft:kelp_plant":48,"minecraft:cherry_log":4,"minecraft:jungle_leaves":12,"minecraft:dandelion":1,"minecraft:torch":3,"minecraft:crafting_table":2,"minecraft:grass_block":5,"ecologics:walnut_leaves":5,"minecraft:poppy":1,"minecraft:chest":2,"minecraft:jungle_log":12,"minecraft:tall_grass":7,"minecraft:kelp":4,"luminousworld:groundpebbles_3":1,"minecraft:wall_torch":5,"minecraft:furnace":3,"luminousworld:yellow_grassflowers":1,"minecraft:fire":6,"minecraft:lilac":2,"minecraft:grass":24,"minecraft:oak_log":26,"minecraft:coal_ore":46,"minecraft:cocoa":5,"minecraft:vine":12,"luminousworld:grassvariant_3":1,"ecologics:walnut_log":3,"minecraft:bamboo_sapling":2,"minecraft:bamboo":1,"minecraft:stone":118,"minecraft:oak_leaves":14},"minecraft:custom":{"minecraft:interact_with_furnace":24,"minecraft:mob_kills":38,"minecraft:interact_with_crafting_table":18,"minecraft:interact_with_stonecutter":1,"minecraft:leave_game":6,"minecraft:time_since_death":28472,"minecraft:sleep_in_bed":2,"minecraft:climb_one_cm":16896,"minecraft:time_since_rest":9634,"minecraft:sprint_one_cm":78537,"minecraft:damage_taken":1063,"minecraft:walk_one_cm":188118,"minecraft:drop":17,"minecraft:damage_dealt":3437,"minecraft:swim_one_cm":47203,"minecraft:talked_to_villager":3,"minecraft:fly_one_cm":127536,"minecraft:open_chest":8,"minecraft:crouch_one_cm":3539,"minecraft:play_time":71586,"tombstone:undead_killed":4,"minecraft:deaths":2,"minecraft:sneak_time":2368,"minecraft:walk_under_water_one_cm":30222,"minecraft:jump":1111,"minecraft:walk_on_water_one_cm":18933,"minecraft:total_world_time":71586,"minecraft:fall_one_cm":27431},"minecraft:picked_up":{"luminousworld:groundpebbles_1":1,"minecraft:cocoa_beans":28,"minecraft:crafting_table":2,"ecologics:walnut":1,"minecraft:feather":25,"minecraft:lilac":4,"minecraft:chicken":8,"minecraft:jungle_log":12,"minecraft:salmon":4,"minecraft:leather":4,"minecraft:oak_log":26,"minecraft:gunpowder":4,"minecraft:dirt":4,"naturalist:bass":1,"minecraft:bone":6,"minecraft:apple":1,"minecraft:kelp":95,"minecraft:wheat_seeds":10,"minecraft:beef":6,"minecraft:cooked_chicken":2,"minecraft:poppy":2,"minecraft:bamboo":4,"minecraft:chest":2,"minecraft:egg":5,"minecraft:furnace":3,"minecraft:stick":6,"ecologics:walnut_log":3,"minecraft:torch":6,"minecraft:porkchop":5,"minecraft:cherry_log":4,"tombstone:grave_dust":1,"minecraft:white_bed":3,"alexsmobs:animal_dictionary":2,"minecraft:rotten_flesh":8,"luminousworld:yellow_grassflowers":1,"minecraft:tropical_fish":1,"minecraft:bone_meal":2,"minecraft:oak_sapling":1,"minecraft:mutton":10,"minecraft:coal":49,"minecraft:white_wool":10,"alexsmobs:flying_fish":2,"minecraft:cobblestone":79},"minecraft:dropped":{"minecraft:wheat_seeds":5,"minecraft:lilac":2,"alexsmobs:animal_dictionary":1,"minecraft:feather":12,"minecraft:rotten_flesh":8,"luminousworld:yellow_grassflowers":1,"minecraft:poppy":1,"minecraft:dirt":1,"luminousworld:groundpebbles_1":1,"minecraft:bone_meal":1,"minecraft:white_wool":4,"minecraft:bone":3,"minecraft:egg":2}},"DataVersion":3465}