{"stats":{"minecraft:dropped":{"alexsmobs:animal_dictionary":1},"minecraft:mined":{"minecraft:furnace":2,"minecraft:kelp_plant":48,"minecraft:jungle_leaves":12,"minecraft:chest":1,"minecraft:grass":7,"minecraft:cocoa":5,"minecraft:vine":12,"minecraft:jungle_log":12,"minecraft:tall_grass":4,"minecraft:bamboo":1,"minecraft:stone":12,"minecraft:kelp":4},"minecraft:picked_up":{"minecraft:cocoa_beans":15,"minecraft:stick":1,"minecraft:feather":8,"minecraft:chicken":5,"minecraft:salmon":4,"minecraft:jungle_log":12,"minecraft:leather":1,"minecraft:porkchop":5,"minecraft:gunpowder":2,"alexsmobs:animal_dictionary":1,"minecraft:rotten_flesh":2,"naturalist:bass":1,"minecraft:bone":3,"minecraft:tropical_fish":1,"minecraft:kelp":90,"minecraft:wheat_seeds":3,"minecraft:beef":3,"minecraft:bone_meal":1,"minecraft:bamboo":2,"minecraft:chest":1,"minecraft:egg":2,"minecraft:mutton":6,"minecraft:white_wool":4,"alexsmobs:flying_fish":2,"minecraft:cobblestone":12,"minecraft:furnace":2},"minecraft:custom":{"minecraft:time_since_rest":38950,"minecraft:interact_with_furnace":19,"minecraft:sprint_one_cm":32964,"minecraft:damage_taken":430,"minecraft:walk_one_cm":93521,"minecraft:mob_kills":28,"minecraft:drop":1,"minecraft:damage_dealt":2645,"minecraft:swim_one_cm":46809,"minecraft:interact_with_crafting_table":10,"minecraft:fly_one_cm":59860,"minecraft:open_chest":4,"minecraft:crouch_one_cm":775,"minecraft:play_time":38950,"tombstone:undead_killed":3,"minecraft:sneak_time":827,"minecraft:walk_under_water_one_cm":26465,"minecraft:jump":568,"minecraft:leave_game":5,"minecraft:time_since_death":38950,"minecraft:walk_on_water_one_cm":17566,"minecraft:climb_one_cm":16896,"minecraft:total_world_time":38950,"minecraft:fall_one_cm":13873},"minecraft:broken":{"minecraft:stone_axe":1},"minecraft:crafted":{"minecraft:crafting_table":1,"minecraft:stick":8,"minecraft:wooden_pickaxe":1,"minecraft:dried_kelp":80,"minecraft:cooked_salmon":4,"minecraft:furnace":1,"minecraft:dried_kelp_block":5,"minecraft:stone_axe":1,"minecraft:air":0,"minecraft:jungle_planks":48},"minecraft:killed":{"minecraft:sheep":4,"minecraft:zombie":1,"minecraft:pig":3,"minecraft:chicken":5,"born_in_chaos_v1:skeleton_demoman":1,"naturalist:bass":1,"minecraft:salmon":4,"undead_revamp2:the_moonflower":1,"luminousworld:sunken_skeleton":1,"minecraft:tropical_fish":1,"alexsmobs:flying_fish":2,"minecraft:cow":2},"minecraft:used":{"naturalist:bass":1,"minecraft:tropical_fish":1,"minecraft:dried_kelp":30,"minecraft:wooden_pickaxe":59,"minecraft:cooked_salmon":3,"minecraft:stone_axe":85,"minecraft:cocoa_beans":2,"minecraft:crafting_table":1,"minecraft:furnace":2,"alexsmobs:animal_dictionary":2}},"DataVersion":3465}