{"stats":{"minecraft:broken":{"minecraft:stone_axe":1},"minecraft:crafted":{"minecraft:crafting_table":1,"minecraft:wooden_pickaxe":1,"minecraft:dried_kelp":80,"minecraft:furnace":1,"minecraft:cooked_salmon":4,"minecraft:stone_axe":1,"minecraft:air":0,"minecraft:jungle_planks":48,"minecraft:stick":8,"minecraft:dried_kelp_block":5},"minecraft:killed_by":{"enemyexpansion:sprinter":1,"born_in_chaos_v1:maggot":1},"minecraft:killed":{"minecraft:pig":3,"born_in_chaos_v1:skeleton_demoman":1,"minecraft:salmon":4,"undead_revamp2:the_moonflower":1,"luminousworld:sunken_skeleton":1,"born_in_chaos_v1:maggot":2,"minecraft:sheep":4,"minecraft:zombie":2,"minecraft:chicken":5,"naturalist:bass":1,"minecraft:tropical_fish":1,"alexsmobs:flying_fish":2,"minecraft:cow":2},"minecraft:used":{"naturalist:bass":1,"minecraft:tropical_fish":1,"minecraft:dried_kelp":30,"minecraft:wooden_pickaxe":71,"minecraft:cooked_salmon":3,"minecraft:dirt":1,"minecraft:cocoa_beans":2,"minecraft:crafting_table":1,"minecraft:stone_axe":85,"minecraft:furnace":2,"tombstone:gift":1,"alexsmobs:animal_dictionary":2},"minecraft:mined":{"minecraft:kelp_plant":48,"minecraft:jungle_leaves":12,"minecraft:crafting_table":1,"minecraft:grass_block":4,"minecraft:chest":1,"minecraft:jungle_log":12,"minecraft:tall_grass":7,"minecraft:kelp":4,"minecraft:furnace":2,"minecraft:lilac":2,"minecraft:grass":13,"minecraft:cocoa":5,"minecraft:vine":12,"minecraft:bamboo":1,"minecraft:stone":12},"minecraft:custom":{"minecraft:interact_with_furnace":19,"minecraft:mob_kills":31,"minecraft:interact_with_crafting_table":12,"minecraft:interact_with_stonecutter":1,"minecraft:leave_game":6,"minecraft:time_since_death":4472,"minecraft:climb_one_cm":16896,"minecraft:time_since_rest":4471,"minecraft:sprint_one_cm":42630,"minecraft:damage_taken":945,"minecraft:walk_one_cm":120865,"minecraft:drop":1,"minecraft:damage_dealt":2947,"minecraft:swim_one_cm":46809,"minecraft:talked_to_villager":3,"minecraft:fly_one_cm":71642,"minecraft:open_chest":4,"minecraft:crouch_one_cm":775,"minecraft:play_time":47586,"tombstone:undead_killed":4,"minecraft:deaths":2,"minecraft:sneak_time":827,"minecraft:walk_under_water_one_cm":26465,"minecraft:jump":681,"minecraft:walk_on_water_one_cm":17566,"minecraft:total_world_time":47586,"minecraft:fall_one_cm":15998},"minecraft:picked_up":{"minecraft:cocoa_beans":15,"minecraft:crafting_table":1,"minecraft:feather":8,"minecraft:lilac":2,"minecraft:chicken":5,"minecraft:jungle_log":12,"minecraft:salmon":4,"minecraft:leather":1,"minecraft:gunpowder":2,"minecraft:dirt":2,"naturalist:bass":1,"minecraft:bone":3,"minecraft:kelp":90,"minecraft:wheat_seeds":4,"minecraft:beef":3,"minecraft:bamboo":2,"minecraft:chest":1,"minecraft:egg":2,"minecraft:furnace":2,"minecraft:stick":1,"minecraft:porkchop":5,"alexsmobs:animal_dictionary":1,"minecraft:rotten_flesh":4,"minecraft:tropical_fish":1,"minecraft:bone_meal":1,"minecraft:mutton":6,"minecraft:white_wool":4,"alexsmobs:flying_fish":2,"minecraft:cobblestone":12},"minecraft:dropped":{"alexsmobs:animal_dictionary":1}},"DataVersion":3465}