{"stats":{"minecraft:crafted":{"minecraft:furnace":1,"minecraft:dried_kelp_block":2,"minecraft:stick":4,"minecraft:dried_kelp":25,"minecraft:wooden_pickaxe":1,"minecraft:air":0,"minecraft:jungle_planks":32},"minecraft:mined":{"minecraft:cocoa":3,"minecraft:vine":1,"minecraft:jungle_log":8,"minecraft:kelp_plant":48,"minecraft:jungle_leaves":5,"minecraft:stone":12,"minecraft:kelp":4},"minecraft:picked_up":{"minecraft:cocoa_beans":9,"minecraft:stick":1,"minecraft:jungle_log":8,"minecraft:kelp":85,"minecraft:tropical_fish":1,"minecraft:cobblestone":12},"minecraft:used":{"minecraft:cocoa_beans":2,"minecraft:furnace":1,"minecraft:tropical_fish":1,"minecraft:dried_kelp":6,"minecraft:wooden_pickaxe":56},"minecraft:killed":{"minecraft:tropical_fish":1},"minecraft:custom":{"minecraft:open_chest":2,"minecraft:time_since_rest":15679,"minecraft:play_time":15679,"minecraft:interact_with_furnace":10,"minecraft:sprint_one_cm":11308,"minecraft:damage_taken":110,"minecraft:walk_one_cm":23089,"minecraft:mob_kills":1,"minecraft:sneak_time":249,"minecraft:walk_under_water_one_cm":7845,"minecraft:jump":178,"minecraft:damage_dealt":49,"minecraft:leave_game":3,"minecraft:time_since_death":15679,"minecraft:walk_on_water_one_cm":8639,"minecraft:total_world_time":15679,"minecraft:climb_one_cm":7626,"minecraft:swim_one_cm":31058,"minecraft:interact_with_crafting_table":5,"minecraft:fall_one_cm":5249,"minecraft:fly_one_cm":26168}},"DataVersion":3465}