{"stats":{"minecraft:crafted":{"minecraft:stick":4,"minecraft:wooden_pickaxe":1,"minecraft:dried_kelp":80,"minecraft:furnace":1,"minecraft:dried_kelp_block":5,"minecraft:stone_axe":1,"minecraft:air":0,"minecraft:jungle_planks":32},"minecraft:used":{"minecraft:tropical_fish":1,"minecraft:dried_kelp":13,"minecraft:wooden_pickaxe":57,"minecraft:stone_axe":3,"minecraft:cocoa_beans":2,"minecraft:furnace":1,"alexsmobs:animal_dictionary":1},"minecraft:killed":{"minecraft:tropical_fish":1,"alexsmobs:flying_fish":2},"minecraft:dropped":{"alexsmobs:animal_dictionary":1},"minecraft:picked_up":{"minecraft:cocoa_beans":9,"minecraft:stick":1,"minecraft:jungle_log":8,"alexsmobs:animal_dictionary":1,"minecraft:tropical_fish":1,"minecraft:kelp":90,"minecraft:wheat_seeds":2,"minecraft:bone_meal":1,"alexsmobs:flying_fish":2,"minecraft:cobblestone":12,"minecraft:furnace":1},"minecraft:custom":{"minecraft:time_since_rest":24275,"minecraft:interact_with_furnace":15,"minecraft:sprint_one_cm":17835,"minecraft:damage_taken":110,"minecraft:walk_one_cm":42884,"minecraft:mob_kills":3,"minecraft:drop":1,"minecraft:damage_dealt":169,"minecraft:swim_one_cm":33182,"minecraft:interact_with_crafting_table":9,"minecraft:fly_one_cm":36763,"minecraft:open_chest":2,"minecraft:crouch_one_cm":1,"minecraft:play_time":24275,"minecraft:sneak_time":400,"minecraft:walk_under_water_one_cm":14391,"minecraft:jump":290,"minecraft:leave_game":4,"minecraft:walk_on_water_one_cm":10862,"minecraft:time_since_death":24275,"minecraft:climb_one_cm":9736,"minecraft:total_world_time":24275,"minecraft:fall_one_cm":7213},"minecraft:mined":{"minecraft:furnace":1,"minecraft:kelp_plant":48,"minecraft:jungle_leaves":5,"minecraft:grass":4,"minecraft:cocoa":3,"minecraft:vine":2,"minecraft:jungle_log":8,"minecraft:stone":12,"minecraft:kelp":4}},"DataVersion":3465}