{"stats":{"minecraft:broken":{"minecraft:stone_axe":1,"minecraft:wooden_pickaxe":1},"minecraft:crafted":{"minecraft:crafting_table":1,"minecraft:wooden_pickaxe":1,"minecraft:dried_kelp":80,"minecraft:cooked_chicken":5,"minecraft:furnace":1,"minecraft:cooked_salmon":4,"minecraft:stone_axe":2,"minecraft:air":0,"minecraft:jungle_planks":48,"minecraft:iron_axe":1,"minecraft:stick":12,"minecraft:iron_ingot":3,"minecraft:stone_pickaxe":1,"minecraft:dried_kelp_block":5,"minecraft:torch":12},"minecraft:killed_by":{"enemyexpansion:sprinter":1,"born_in_chaos_v1:maggot":1},"minecraft:killed":{"minecraft:pig":3,"born_in_chaos_v1:skeleton_demoman":1,"minecraft:salmon":4,"undead_revamp2:the_moonflower":1,"luminousworld:sunken_skeleton":1,"born_in_chaos_v1:maggot":2,"minecraft:sheep":4,"minecraft:zombie":2,"minecraft:chicken":6,"naturalist:bass":1,"minecraft:tropical_fish":1,"alexsmobs:flying_fish":2,"minecraft:cow":3},"minecraft:used":{"naturalist:bass":1,"minecraft:flint_and_steel":7,"minecraft:tropical_fish":1,"minecraft:stone_pickaxe":70,"minecraft:dried_kelp":30,"minecraft:poppy":1,"minecraft:chest":1,"minecraft:wooden_pickaxe":95,"minecraft:cooked_salmon":4,"minecraft:torch":4,"minecraft:dirt":1,"minecraft:cocoa_beans":2,"minecraft:crafting_table":2,"minecraft:white_bed":1,"minecraft:iron_axe":3,"minecraft:lilac":2,"minecraft:bamboo":2,"minecraft:stone_axe":88,"minecraft:furnace":4,"tombstone:gift":1,"alexsmobs:animal_dictionary":2},"minecraft:mined":{"minecraft:white_bed":2,"minecraft:kelp_plant":48,"minecraft:jungle_leaves":12,"minecraft:dandelion":1,"minecraft:crafting_table":2,"minecraft:grass_block":4,"minecraft:poppy":1,"minecraft:chest":2,"minecraft:jungle_log":12,"minecraft:tall_grass":7,"minecraft:kelp":4,"minecraft:furnace":3,"minecraft:fire":6,"minecraft:lilac":2,"minecraft:grass":19,"minecraft:coal_ore":24,"minecraft:cocoa":5,"minecraft:vine":12,"minecraft:bamboo_sapling":2,"minecraft:bamboo":1,"minecraft:stone":81},"minecraft:custom":{"minecraft:interact_with_furnace":22,"minecraft:mob_kills":33,"minecraft:interact_with_crafting_table":18,"minecraft:interact_with_stonecutter":1,"minecraft:leave_game":6,"minecraft:time_since_death":16472,"minecraft:sleep_in_bed":1,"minecraft:climb_one_cm":16896,"minecraft:time_since_rest":10415,"minecraft:sprint_one_cm":55613,"minecraft:damage_taken":963,"minecraft:walk_one_cm":142514,"minecraft:drop":9,"minecraft:damage_dealt":3097,"minecraft:swim_one_cm":46809,"minecraft:talked_to_villager":3,"minecraft:fly_one_cm":80337,"minecraft:open_chest":8,"minecraft:crouch_one_cm":2119,"minecraft:play_time":59586,"tombstone:undead_killed":4,"minecraft:deaths":2,"minecraft:sneak_time":1651,"minecraft:walk_under_water_one_cm":26465,"minecraft:jump":770,"minecraft:walk_on_water_one_cm":17566,"minecraft:total_world_time":59586,"minecraft:fall_one_cm":18115},"minecraft:picked_up":{"minecraft:cocoa_beans":28,"minecraft:crafting_table":2,"minecraft:feather":23,"minecraft:lilac":4,"minecraft:chicken":6,"minecraft:jungle_log":12,"minecraft:salmon":4,"minecraft:leather":4,"minecraft:gunpowder":4,"minecraft:dirt":3,"naturalist:bass":1,"minecraft:bone":6,"minecraft:kelp":95,"minecraft:wheat_seeds":10,"minecraft:beef":6,"minecraft:cooked_chicken":2,"minecraft:poppy":2,"minecraft:bamboo":4,"minecraft:chest":2,"minecraft:egg":4,"minecraft:furnace":3,"minecraft:stick":1,"minecraft:porkchop":5,"tombstone:grave_dust":1,"minecraft:white_bed":2,"alexsmobs:animal_dictionary":2,"minecraft:rotten_flesh":8,"minecraft:tropical_fish":1,"minecraft:bone_meal":2,"minecraft:mutton":6,"minecraft:coal":33,"minecraft:white_wool":8,"alexsmobs:flying_fish":2,"minecraft:cobblestone":66},"minecraft:dropped":{"minecraft:wheat_seeds":5,"minecraft:lilac":2,"alexsmobs:animal_dictionary":1,"minecraft:rotten_flesh":4,"minecraft:poppy":1,"minecraft:dirt":1,"minecraft:bone_meal":1,"minecraft:white_wool":4,"minecraft:egg":2}},"DataVersion":3465}