{"stats":{"minecraft:dropped":{"alexsmobs:animal_dictionary":1},"minecraft:mined":{"minecraft:furnace":1,"minecraft:kelp_plant":48,"minecraft:jungle_leaves":6,"minecraft:grass":4,"minecraft:cocoa":3,"minecraft:vine":7,"minecraft:jungle_log":9,"minecraft:stone":12,"minecraft:kelp":4},"minecraft:picked_up":{"minecraft:cocoa_beans":9,"minecraft:stick":1,"minecraft:salmon":2,"minecraft:jungle_log":9,"minecraft:gunpowder":2,"alexsmobs:animal_dictionary":1,"minecraft:bone":3,"minecraft:tropical_fish":1,"minecraft:kelp":90,"minecraft:wheat_seeds":2,"minecraft:bone_meal":1,"alexsmobs:flying_fish":2,"minecraft:cobblestone":12,"minecraft:furnace":1},"minecraft:custom":{"minecraft:time_since_rest":27392,"minecraft:interact_with_furnace":15,"minecraft:sprint_one_cm":18704,"minecraft:damage_taken":280,"minecraft:walk_one_cm":48893,"minecraft:mob_kills":9,"minecraft:drop":1,"minecraft:damage_dealt":865,"minecraft:swim_one_cm":38726,"minecraft:interact_with_crafting_table":9,"minecraft:fly_one_cm":38481,"minecraft:open_chest":2,"minecraft:crouch_one_cm":1,"minecraft:play_time":27392,"tombstone:undead_killed":1,"minecraft:sneak_time":435,"minecraft:walk_under_water_one_cm":22098,"minecraft:jump":318,"minecraft:leave_game":4,"minecraft:time_since_death":27392,"minecraft:walk_on_water_one_cm":15372,"minecraft:climb_one_cm":11798,"minecraft:total_world_time":27392,"minecraft:fall_one_cm":8247},"minecraft:killed":{"born_in_chaos_v1:skeleton_demoman":1,"naturalist:bass":1,"minecraft:salmon":2,"luminousworld:sunken_skeleton":1,"minecraft:tropical_fish":1,"alexsmobs:flying_fish":2},"minecraft:crafted":{"minecraft:stick":4,"minecraft:wooden_pickaxe":1,"minecraft:dried_kelp":80,"minecraft:furnace":1,"minecraft:dried_kelp_block":5,"minecraft:stone_axe":1,"minecraft:air":0,"minecraft:jungle_planks":32},"minecraft:used":{"minecraft:tropical_fish":1,"minecraft:dried_kelp":19,"minecraft:wooden_pickaxe":58,"minecraft:stone_axe":22,"minecraft:cocoa_beans":2,"minecraft:furnace":1,"alexsmobs:animal_dictionary":1}},"DataVersion":3465}