{"stats":{"minecraft:crafted":{"minecraft:jungle_planks":12},"minecraft:mined":{"minecraft:vine":3,"minecraft:jungle_log":3,"minecraft:gravel":6,"minecraft:oak_leaves":2},"minecraft:dropped":{"minecraft:gravel":1,"minecraft:flint":1},"minecraft:picked_up":{"minecraft:jungle_log":3,"minecraft:gravel":2,"minecraft:flint":1},"minecraft:used":{"minecraft:gravel":1},"minecraft:custom":{"minecraft:time_since_rest":4645,"minecraft:open_chest":3,"minecraft:crouch_one_cm":919,"minecraft:play_time":4645,"minecraft:interact_with_furnace":2,"minecraft:sprint_one_cm":15633,"minecraft:damage_taken":100,"minecraft:walk_one_cm":3576,"minecraft:sneak_time":464,"minecraft:walk_under_water_one_cm":889,"minecraft:drop":2,"minecraft:jump":112,"minecraft:leave_game":1,"minecraft:time_since_death":4645,"minecraft:walk_on_water_one_cm":764,"minecraft:total_world_time":4645,"minecraft:climb_one_cm":3491,"minecraft:swim_one_cm":4408,"minecraft:interact_with_crafting_table":1,"minecraft:fall_one_cm":3530,"minecraft:fly_one_cm":23670}},"DataVersion":3465}