{"stats":{"minecraft:crafted":{"minecraft:oak_planks":40,"quark:jungle_chest":2,"minecraft:furnace":2,"minecraft:bone_meal":60,"minecraft:cooked_mutton":7,"minecraft:iron_boots":1,"minecraft:iron_axe":1,"minecraft:ladder":21,"minecraft:stone_pickaxe":4,"minecraft:birch_door":3,"minecraft:diamond_sword":1,"quark:blossom_planks":56,"minecraft:cooked_porkchop":11,"minecraft:crafting_table":4,"minecraft:wooden_pickaxe":1,"minecraft:iron_helmet":1,"minecraft:iron_sword":1,"minecraft:bucket":2,"minecraft:birch_planks":108,"minecraft:stone_axe":1,"minecraft:jungle_slab":12,"minecraft:air":0,"minecraft:jungle_planks":68,"minecraft:oak_boat":1,"minecraft:iron_chestplate":1,"minecraft:diamond_pickaxe":1,"minecraft:shield":1,"minecraft:stick":112,"minecraft:iron_ingot":61,"minecraft:iron_pickaxe":2,"minecraft:stone_sword":1,"minecraft:iron_shovel":2,"minecraft:iron_leggings":1,"minecraft:white_bed":1,"minecraft:torch":84},"minecraft:used":{"minecraft:stone_sword":40,"minecraft:iron_shovel":89,"minecraft:ladder":22,"quark:jungle_chest":2,"minecraft:shield":69,"minecraft:iron_sword":252,"minecraft:rotten_flesh":2,"minecraft:torch":101,"minecraft:dirt":54,"minecraft:jungle_slab":7,"minecraft:axolotl_bucket":3,"minecraft:birch_door":1,"minecraft:iron_axe":42,"minecraft:iron_helmet":1,"minecraft:iron_boots":1,"minecraft:furnace":6,"minecraft:cobbled_deepslate":235,"minecraft:iron_leggings":1,"minecraft:cooked_mutton":7,"minecraft:water_bucket":43,"minecraft:birch_planks":5,"minecraft:stone_pickaxe":485,"minecraft:wooden_pickaxe":31,"minecraft:glow_berries":53,"minecraft:crafting_table":17,"minecraft:spider_eye":6,"minecraft:white_bed":1,"minecraft:diamond_pickaxe":874,"minecraft:melon_slice":14,"minecraft:iron_pickaxe":293,"minecraft:stone_axe":128,"minecraft:diamond_sword":273,"minecraft:cobblestone":166,"minecraft:cooked_porkchop":8,"minecraft:bucket":48,"alexsmobs:animal_dictionary":4,"minecraft:oak_boat":3},"minecraft:killed":{"enemyexpansion:equestrian":1,"minecraft:spider":110,"minecraft:slime":17,"born_in_chaos_v1:zombie_bruiser":1,"minecraft:skeleton":10,"minecraft:chicken":1,"minecraft:pig":4,"minecraft:zombie_villager":1,"minecraft:bat":1,"minecraft:creeper":2,"minecraft:sheep":4,"minecraft:zombie":21,"minecraft:enderman":1},"minecraft:broken":{"minecraft:stone_pickaxe":3,"minecraft:stone_axe":1,"minecraft:iron_sword":1},"minecraft:custom":{"minecraft:mob_kills":194,"minecraft:interact_with_crafting_table":45,"minecraft:leave_game":1,"minecraft:time_since_death":194373,"minecraft:climb_one_cm":9112,"minecraft:sprint_one_cm":150183,"minecraft:walk_one_cm":427775,"minecraft:damage_blocked_by_shield":1520,"minecraft:drop":58,"minecraft:play_time":194373,"minecraft:sneak_time":46166,"minecraft:walk_under_water_one_cm":32035,"minecraft:boat_one_cm":151386,"minecraft:jump":1949,"minecraft:walk_on_water_one_cm":48340,"minecraft:total_world_time":194373,"minecraft:interact_with_furnace":41,"minecraft:sleep_in_bed":1,"minecraft:time_since_rest":1432,"minecraft:damage_taken":2063,"minecraft:damage_dealt":27258,"minecraft:swim_one_cm":34844,"minecraft:fly_one_cm":159111,"minecraft:open_chest":21,"minecraft:crouch_one_cm":128297,"tombstone:undead_killed":5,"minecraft:fall_one_cm":31347},"minecraft:dropped":{"minecraft:water_bucket":1,"minecraft:iron_ingot":2,"minecraft:moss_block":19,"minecraft:brown_mushroom":11,"minecraft:wheat_seeds":3,"minecraft:mossy_cobblestone":8,"minecraft:cobblestone":356,"minecraft:granite":79,"minecraft:jungle_planks":1,"born_in_chaos_v1:pieceofdarkmetal":1,"minecraft:flint":3,"minecraft:dirt":41,"minecraft:jungle_slab":12,"minecraft:diorite":5,"minecraft:iron_pickaxe":2,"minecraft:gravel":9,"alexsmobs:animal_dictionary":1,"minecraft:stone_sword":1,"minecraft:cobbled_deepslate":5,"minecraft:tuff":1,"minecraft:chicken":1,"minecraft:rotten_flesh":2,"minecraft:clay_ball":68,"minecraft:spruce_planks":1,"luminousworld:groundpebbles_1":1,"minecraft:oak_boat":1,"minecraft:spider_eye":10,"minecraft:arrow":7,"minecraft:wooden_pickaxe":1,"minecraft:stone_pickaxe":1},"minecraft:picked_up":{"luminousworld:groundpebbles_1":1,"minecraft:cocoa_beans":6,"minecraft:crafting_table":13,"minecraft:chicken":1,"minecraft:ladder":1,"minecraft:clay_ball":156,"minecraft:brown_mushroom":11,"minecraft:string":64,"minecraft:raw_copper":21,"minecraft:cobbled_deepslate":214,"minecraft:spruce_planks":1,"minecraft:oak_boat":4,"minecraft:iron_pickaxe":1,"minecraft:melon_slice":14,"minecraft:sugar_cane":12,"minecraft:furnace":4,"minecraft:stick":1,"minecraft:raw_iron":71,"minecraft:torch":17,"quark:blossom_log":16,"minecraft:porkchop":11,"minecraft:diorite":5,"born_in_chaos_v1:pieceofdarkmetal":2,"minecraft:carrot":1,"minecraft:rotten_flesh":9,"minecraft:arrow":7,"luminousworld:soft_birch_log":1,"minecraft:glow_berries":42,"minecraft:mutton":7,"minecraft:white_wool":4,"minecraft:cobblestone":611,"minecraft:birch_log":26,"minecraft:water_bucket":1,"minecraft:jungle_log":17,"minecraft:flint":3,"minecraft:tuff":1,"minecraft:oak_log":10,"minecraft:gunpowder":2,"minecraft:dirt":137,"minecraft:bone":7,"minecraft:wheat_seeds":3,"minecraft:raw_gold":29,"minecraft:spore_blossom":1,"minecraft:iron_ingot":4,"minecraft:moss_block":20,"minecraft:gravel":10,"minecraft:jungle_planks":2,"alexsmobs:animal_dictionary":2,"minecraft:jungle_slab":9,"minecraft:spider_eye":16,"minecraft:mossy_cobblestone":8,"minecraft:slime_ball":18,"minecraft:diamond":5,"minecraft:granite":79,"minecraft:oak_sapling":3,"minecraft:coal":121,"minecraft:ender_pearl":1},"minecraft:mined":{"quark:yellow_blossom_leaves":3,"minecraft:tuff":11,"minecraft:spruce_planks":2,"minecraft:mossy_cobblestone":33,"minecraft:deepslate_diamond_ore":6,"minecraft:jungle_slab":9,"minecraft:cave_vines_plant":26,"minecraft:ladder":4,"minecraft:granite":41,"biomesoplenty:bush":2,"minecraft:grass_block":26,"minecraft:jungle_planks":2,"minecraft:jungle_log":17,"minecraft:brown_mushroom_block":29,"minecraft:moss_block":22,"minecraft:spore_blossom":1,"luminousworld:sunset_petunias":1,"minecraft:furnace":4,"minecraft:iron_ore":39,"minecraft:cobbled_deepslate":98,"minecraft:cave_vines":70,"minecraft:deepslate_iron_ore":31,"minecraft:vine":8,"luminousworld:groundpebbles_2":1,"minecraft:azalea":3,"minecraft:stone":419,"luminousworld:soft_birch_log":1,"minecraft:flowering_azalea":2,"minecraft:clay":62,"minecraft:crafting_table":13,"minecraft:torch":3,"minecraft:melon":3,"minecraft:chest":1,"quark:blossom_log":14,"minecraft:tall_grass":7,"minecraft:copper_ore":6,"minecraft:cobblestone":107,"minecraft:deepslate_gold_ore":30,"minecraft:sugar_cane":7,"minecraft:diorite":11,"minecraft:wall_torch":12,"minecraft:birch_log":26,"minecraft:grass":9,"minecraft:oak_log":11,"minecraft:coal_ore":74,"minecraft:cocoa":2,"minecraft:gravel":30,"minecraft:dirt":58,"luminousworld:grassvariant_3":1,"minecraft:small_dripleaf":1,"minecraft:oak_leaves":1,"minecraft:deepslate":722,"minecraft:fern":3}},"DataVersion":3465}